observed_mean_delta_cbi,ci_low_95,ci_high_95,p_two_sided,n_sites,n_events,flag
0.05711394910491151,0.018815153628805207,0.0939425342439352,0.005,20,27,ok
