DroughtLevel,Layer,feature,importance_mean,importance_std,rank_mean,rank_std
Severe,site,elevation,0.3585305654252324,0.043587312323345874,1.0,0.0
Severe,site,slope,0.21863717241473984,0.038285344235284666,2.0,0.0
Severe,site,soil_temperature,0.1501678156149197,0.030872597681666336,3.2,0.4472135954999579
Severe,site,FAPAR,0.08449032603238796,0.023510570360703417,4.2,0.8366600265340753
Severe,site,aspect_sin,0.07224305963109676,0.01508801131348468,4.6,0.5477225575051663
Severe,site,LAI,0.03888494846432097,0.012700350252554862,6.2,0.44721359549995804
Severe,site,SPI_intensity,0.021110484927820746,0.005023735050955298,7.8,1.3038404810405297
Severe,site,Duration_days,0.015421982570248502,0.008168175136706965,9.0,1.414213562373095
Severe,site,soil_moisture,0.013610459427776816,0.010878237776064812,9.2,1.9235384061671346
Severe,site,canopy_height,0.012101787976181827,0.007997596264669076,9.4,1.3416407864998738
Severe,site,aspect_cos,0.014801397515274503,0.004823476564180811,9.4,1.51657508881031
