DroughtLevel,Layer,feature,importance_mean,importance_std,folds_used
Moderate,site,elevation,0.1520064707838969,0.0561876082941512,5
Moderate,site,slope,0.13948393958752048,0.037523157361056894,5
Moderate,site,soil_temperature,0.12303439086320422,0.06035229451518151,5
Moderate,site,SPI_intensity,0.1051305812016003,0.023668482501343492,5
Moderate,site,Duration_days,0.08282754829077879,0.018980768729555654,5
Moderate,site,FAPAR,0.07982932255457727,0.03915205435018831,5
Moderate,site,soil_moisture,0.0684762193005832,0.03772225489960386,5
Moderate,site,aspect_sin,0.06817066141105332,0.04077982641786751,5
Moderate,site,aspect_cos,0.06365639213415618,0.014750358639565414,5
Moderate,site,canopy_height,0.06217828371745424,0.01925019144577794,5
Moderate,site,LAI,0.055206190155175125,0.012434649447427282,5
