DroughtLevel,Layer,feature,importance_mean,importance_std,folds_used
Severe,site_month,elevation,0.36209760688959075,0.06654615386598338,23
Severe,site_month,slope,0.17586359914865646,0.04105916556681468,23
Severe,site_month,soil_temperature,0.1569459675876805,0.030457406015441526,23
Severe,site_month,LAI,0.06173465488139008,0.013735305712326142,23
Severe,site_month,SPI_intensity,0.06167068535952537,0.007704294281892988,23
Severe,site_month,FAPAR,0.041834237156240184,0.008044716713419756,23
Severe,site_month,soil_moisture,0.04063357314500522,0.008802140958103473,23
Severe,site_month,aspect_sin,0.03264540158543168,0.006698408145986278,23
Severe,site_month,Duration_days,0.03186187496213957,0.006718416030535392,23
Severe,site_month,canopy_height,0.017616333479253447,0.004010751918649841,23
Severe,site_month,aspect_cos,0.017096065805086682,0.003784442520645639,23
