DroughtLevel,Layer,feature,importance_mean,importance_std,folds_used
Mild,site_month,soil_temperature,0.3016125563996062,0.027331700017585246,27
Mild,site_month,Duration_days,0.20599644379982293,0.02557317606790809,27
Mild,site_month,soil_moisture,0.09646991990657654,0.009151632684863634,27
Mild,site_month,SPI_intensity,0.0807415955220324,0.006336551517134591,27
Mild,site_month,aspect_sin,0.06117050360690928,0.007878310498224923,27
Mild,site_month,FAPAR,0.05820911283844139,0.006855756593890139,27
Mild,site_month,elevation,0.052120277309594884,0.006755564003867901,27
Mild,site_month,LAI,0.05161331701823091,0.004632401112681216,27
Mild,site_month,aspect_cos,0.037499333103281615,0.004532349388943631,27
Mild,site_month,slope,0.030255326111019082,0.0027150517565885926,27
Mild,site_month,canopy_height,0.024311614384484807,0.0028062890168330983,27
