DroughtLevel,Layer,feature,importance_mean,importance_std,rank_mean,rank_std
Mild,site,soil_temperature,0.5282726255939333,0.008890917534938068,1.0,0.0
Mild,site,elevation,0.20169227293212,0.020159406108271372,2.0,0.0
Mild,site,slope,0.06365630728659281,0.011506447067580304,3.2,0.447213595499958
Mild,site,FAPAR,0.03464636387199775,0.002842774151625186,4.6,0.547722557505166
Mild,site,soil_moisture,0.030243939867692173,0.0032846934871425776,6.0,1.0
Mild,site,SPI_intensity,0.032320861408576027,0.012692719989040188,6.6,3.0495901363953815
Mild,site,aspect_cos,0.02619577716081851,0.004475996536591414,7.6,1.51657508881031
Mild,site,aspect_sin,0.02630856653759094,0.009674881498305522,7.8,2.280350850198276
Mild,site,LAI,0.024308888983351838,0.0059000046535372065,8.0,1.2247448713915892
Mild,site,Duration_days,0.023375407984162943,0.006000023186418832,8.2,2.04939015319192
Mild,site,canopy_height,0.008978988373163686,0.0028465975786227103,11.0,0.0
